Method,Name,Error,Occurrences
GET,/result/be6cc4ec-aa09-4502-bcc6-aa8160a41ec9,RemoteDisconnected('Remote end closed connection without response'),1
GET,/result/15be552a-d574-4f22-bbf0-ff1bb26ce316,RemoteDisconnected('Remote end closed connection without response'),1
GET,/result/10d49402-4ba6-4183-9bb9-9d891f33beb1,RemoteDisconnected('Remote end closed connection without response'),1
GET,/result/550b097e-afcb-4750-b3db-5f081bd5c7c9,RemoteDisconnected('Remote end closed connection without response'),1
POST,/upload,RemoteDisconnected('Remote end closed connection without response'),7
GET,/result/6e8f04d6-5ba5-43b8-a3e5-1723b5e44ff6,RemoteDisconnected('Remote end closed connection without response'),1
GET,/result/284d5add-a220-41af-8b5a-592c70b093ef,RemoteDisconnected('Remote end closed connection without response'),1
GET,/result/92630beb-e883-40ab-8ede-083888db6444,RemoteDisconnected('Remote end closed connection without response'),1
GET,/result/bed9821c-8bd8-45ab-aaf6-00453b75cb39,RemoteDisconnected('Remote end closed connection without response'),1
GET,/result/fe250d7b-12d5-4906-9ab0-091fe734e50e,RemoteDisconnected('Remote end closed connection without response'),1
GET,/result/22e69701-7fbe-4de6-b38a-c8cecf21ee84,RemoteDisconnected('Remote end closed connection without response'),1
GET,/result/e60a7baf-a558-44d2-94de-48245ac581ff,RemoteDisconnected('Remote end closed connection without response'),1
GET,/result/302e06d6-1a61-4fa7-8d3c-65873ed3b4f6,RemoteDisconnected('Remote end closed connection without response'),1
GET,/result/a7b4eb8a-5a02-4e30-9db6-b71c31e2daf4,RemoteDisconnected('Remote end closed connection without response'),1
GET,/result/683d40ec-ae58-4db2-9b4c-f8ffb4d37bb5,RemoteDisconnected('Remote end closed connection without response'),1
POST,/upload,"ConnectionResetError(104, 'Connection reset by peer')",3
GET,/result/d8961412-9ad5-4f7a-8a07-c27041fe8824,RemoteDisconnected('Remote end closed connection without response'),1
GET,/result/47aa3824-a78d-4021-8291-17c7578726cf,RemoteDisconnected('Remote end closed connection without response'),1
GET,/result/bb140de2-a26d-44cc-987b-1eef48eba0a0,RemoteDisconnected('Remote end closed connection without response'),1
GET,/result/0ea7ae01-602b-48b7-879e-bf837e919307,RemoteDisconnected('Remote end closed connection without response'),1
GET,/result/6fc8081c-0c53-4145-82ba-3b6adb646e4c,RemoteDisconnected('Remote end closed connection without response'),1
GET,/result/7e814d48-0334-4a50-a1c3-4802a2dd4b0e,RemoteDisconnected('Remote end closed connection without response'),1
GET,/result/dd84d129-6a09-4330-9307-d3aee00bfd57,RemoteDisconnected('Remote end closed connection without response'),1
GET,/result/b633bbca-201c-49c3-89e8-baac8fb7c2ed,RemoteDisconnected('Remote end closed connection without response'),1
